<?xml version="1.0" encoding="UTF-8"?>
<feature
      id="org.spbu.pldoctoolkit.feature"
      label="Drl feature"
      version="1.0.0"
      provider-name="SPbSU">

   <description url="http://www.example.com/description">
      DRL Diagram feature
   </description>

   <copyright url="http://www.example.com/copyright">
      [Enter Copyright Description here.]
   </copyright>

   <license url="http://www.example.com/license">
      [Enter License Description here.]
   </license>

   <requires>
      <import plugin="org.eclipse.core.runtime"/>
      <import plugin="org.eclipse.emf.ecore"/>
      <import plugin="org.eclipse.emf.ecore.xmi"/>
      <import plugin="org.eclipse.emf.edit"/>
      <import plugin="org.eclipse.core.resources"/>
      <import plugin="org.eclipse.emf.edit.ui"/>
      <import plugin="org.eclipse.ui.ide"/>
      <import plugin="org.eclipse.jface"/>
      <import plugin="org.eclipse.ui.views"/>
      <import plugin="org.eclipse.gef"/>
      <import plugin="org.eclipse.gmf.runtime.emf.core"/>
      <import plugin="org.eclipse.gmf.runtime.emf.commands.core"/>
      <import plugin="org.eclipse.gmf.runtime.emf.ui.properties"/>
      <import plugin="org.eclipse.gmf.runtime.diagram.ui"/>
      <import plugin="org.eclipse.gmf.runtime.diagram.ui.providers"/>
      <import plugin="org.eclipse.gmf.runtime.diagram.ui.providers.ide"/>
      <import plugin="org.eclipse.gmf.runtime.diagram.ui.render"/>
      <import plugin="org.eclipse.gmf.runtime.diagram.ui.resources.editor"/>
      <import plugin="org.eclipse.gmf.runtime.diagram.ui.resources.editor.ide"/>
      <import plugin="org.eclipse.gmf.runtime.notation.providers"/>
      <import plugin="org.eclipse.emf.ocl"/>
      <import plugin="org.eclipse.emf.query.ocl"/>
      <import plugin="org.eclipse.gmf.runtime.draw2d.ui"/>
      <import plugin="org.eclipse.draw2d"/>
      <import plugin="org.eclipse.ui"/>
      <import plugin="org.eclipse.core.expressions"/>
      <import plugin="org.eclipse.ui.navigator"/>
      <import plugin="org.eclipse.gmf.runtime.diagram.ui.properties"/>
      <import plugin="org.eclipse.emf.validation"/>
   </requires>

   <plugin
         id="org.spbu.pldoctoolkit.graph"
         download-size="0"
         install-size="0"
         version="1.0.0"
         unpack="false"/>

   <plugin
         id="org.spbu.pldoctoolkit.graph.edit"
         download-size="0"
         install-size="0"
         version="1.0.0"
         unpack="false"/>

   <plugin
         id="org.spbu.pldoctoolkit.graph.editor"
         download-size="0"
         install-size="0"
         version="1.0.0"
         unpack="false"/>

   <plugin
         id="org.spbu.pldoctoolkit.graph.diagram.infproduct"
         download-size="0"
         install-size="0"
         version="1.0.0.0"
         unpack="false"/>

   <plugin
         id="org.spbu.pldoctoolkit.graph.diagram.productline"
         download-size="0"
         install-size="0"
         version="1.0.1.0"
         unpack="false"/>

   <plugin
         id="org.spbu.pldoctoolkit"
         download-size="0"
         install-size="0"
         version="1.0.0"
         unpack="false"/>

   <plugin
         id="org.spbu.pldoctoolkit.text"
         download-size="0"
         install-size="0"
         version="1.0.0"
         unpack="false"/>

   <plugin
         id="org.spbu.pldoctoolkit.graph.diagram.fproduct"
         download-size="0"
         install-size="0"
         version="1.0.1.0"
         unpack="false"/>

</feature>
